{"Left backboard connection point to rim": [-11.800999641418457, 0.0, 3.048037052154541], "Left rim connection point to backboard": [-11.649999618530273, 0.0, 3.048037052154541], "Left backboard top left corner": [-11.800999641418457, -0.875, 3.923037052154541], "Left backboard bottom left corner": [-11.800999641418457, -0.875, 2.923037052154541], "Left backboard top left corner of inner rectangle": [-11.800999641418457, -0.27000001072883606, 3.423037052154541], "Left backboard bottom left corner of inner rectangle": [-11.800999641418457, -0.27000001072883606, 3.0230369567871094], "Left backboard top right corner": [-11.800999641418457, 0.875, 3.923037052154541], "Left backboard bottom right corner": [-11.800999641418457, 0.875, 2.923037052154541], "Left backboard top right corner of inner rectangle": [-11.800999641418457, 0.27000001072883606, 3.423037052154541], "Left backboard bottom right corner of inner rectangle": [-11.800999641418457, 0.27000001072883606, 3.0230369567871094], "Right backboard connection point to rim": [11.800999641418457, 0.0, 3.048037052154541], "Right rim connection point to backboard": [11.649999618530273, 0.0, 3.048037052154541], "Right backboard top left corner": [11.800999641418457, 0.875, 3.923037052154541], "Right backboard bottom left corner": [11.800999641418457, 0.875, 2.923037052154541], "Right backboard top left corner of inner rectangle": [11.800999641418457, 0.27000001072883606, 3.423037052154541], "Right backboard bottom left corner of inner rectangle": [11.800999641418457, 0.27000001072883606, 3.0230369567871094], "Right backboard top right corner": [11.800999641418457, -0.875, 3.923037052154541], "Right backboard bottom right corner": [11.800999641418457, -0.875, 2.923037052154541], "Right backboard top right corner of inner rectangle": [11.800999641418457, -0.27000001072883606, 3.423037052154541], "Right backboard bottom right corner of inner rectangle": [11.800999641418457, -0.27000001072883606, 3.0230369567871094], "Top center circle at center line": [0.0, 1.774999976158142, 0.0], "Top division line at sideline": [0.0, 6.90500020980835, 0.0], "Bottom center circle at center line": [0.0, -1.774999976158142, 0.0], "Bottom division line at sideline": [0.0, -6.90500020980835, 0.0], "Left top corner": [-13.024999618530273, 6.90500020980835, 0.0], "Left restricted arc top end of half circle": [-11.425000190734863, 1.274999976158142, 0.0], "Left restricted arc top corner": [-11.800000190734863, 1.274999976158142, 0.0], "Left paint top border at baseline": [-13.024999618530273, 2.450000047683716, 0.0], "Left paint top corner at free throw line": [-7.224999904632568, 2.450000047683716, 0.0], "Outer point of 1st top marker at left paint": [-11.225000381469727, 2.549999952316284, 0.0], "Inner point of 1st top marker at left paint": [-11.225000381469727, 2.450000047683716, 0.0], "Outer point at start of 2nd / fat top marker at left paint": [-10.324999809265137, 2.549999952316284, 0.0], "Inner point at start of 2nd / fat top marker at left paint": [-10.324999809265137, 2.450000047683716, 0.0], "Outer point at end of 2nd / fat top marker at left paint": [-9.975000381469727, 2.549999952316284, 0.0], "Inner point at end of 2nd / fat top marker at left paint": [-9.975000381469727, 2.450000047683716, 0.0], "Outer point of 3rd top marker at left paint": [-9.074999809265137, 2.549999952316284, 0.0], "Inner point of 3rd top marker at left paint": [-9.074999809265137, 2.450000047683716, 0.0], "Outer point of 4th top marker at left paint": [-8.175000190734863, 2.549999952316284, 0.0], "Inner point of 4th top marker at left paint": [-8.175000190734863, 2.450000047683716, 0.0], "Left top free-throw circle at free-throw line": [-7.224999904632568, 1.774999976158142, 0.0], "Left top three-point line at baseline": [-13.024999618530273, 5.954999923706055, 0.0], "Left top three-point circle to line point": [-8.325324058532715, 5.954999923706055, 0.0], "Left bottom corner": [-13.024999618530273, -6.90500020980835, 0.0], "Left restricted arc bottom end of half circle": [-11.425000190734863, -1.274999976158142, 0.0], "Left restricted arc bottom corner": [-11.800000190734863, -1.274999976158142, 0.0], "Left paint bottom border at baseline": [-13.024999618530273, -2.450000047683716, 0.0], "Left paint bottom corner at free throw line": [-7.224999904632568, -2.450000047683716, 0.0], "Outer point of 1st bottom marker at left paint": [-11.225000381469727, -2.549999952316284, 0.0], "Inner point of 1st bottom marker at left paint": [-11.225000381469727, -2.450000047683716, 0.0], "Outer point at start of 2nd / fat bottom marker at left paint": [-10.324999809265137, -2.549999952316284, 0.0], "Inner point at start of 2nd / fat bottom marker at left paint": [-10.324999809265137, -2.450000047683716, 0.0], "Outer point at end of 2nd / fat bottom marker at left paint": [-9.975000381469727, -2.549999952316284, 0.0], "Inner point at end of 2nd / fat bottom marker at left paint": [-9.975000381469727, -2.450000047683716, 0.0], "Outer point of 3rd bottom marker at left paint": [-9.074999809265137, -2.549999952316284, 0.0], "Inner point of 3rd bottom marker at left paint": [-9.074999809265137, -2.450000047683716, 0.0], "Outer point of 4th bottom marker at left paint": [-8.175000190734863, -2.549999952316284, 0.0], "Inner point of 4th bottom marker at left paint": [-8.175000190734863, -2.450000047683716, 0.0], "Left bottom free-throw circle at free-throw line": [-7.224999904632568, -1.774999976158142, 0.0], "Left bottom three-point line at baseline": [-13.024999618530273, -5.954999923706055, 0.0], "Left bottom three-point circle to line point": [-8.325324058532715, -5.954999923706055, 0.0], "Right top corner": [13.024999618530273, 6.90500020980835, 0.0], "Right restricted arc top end of half circle": [11.425000190734863, 1.274999976158142, 0.0], "Right restricted arc top corner": [11.800000190734863, 1.274999976158142, 0.0], "Right paint top border at baseline": [13.024999618530273, 2.450000047683716, 0.0], "Right paint top corner at free throw line": [7.224999904632568, 2.450000047683716, 0.0], "Outer point of 1st top marker at right paint": [11.225000381469727, 2.549999952316284, 0.0], "Inner point of 1st top marker at right paint": [11.225000381469727, 2.450000047683716, 0.0], "Outer point at start of 2nd / fat top marker at right paint": [10.324999809265137, 2.549999952316284, 0.0], "Inner point at start of 2nd / fat top marker at right paint": [10.324999809265137, 2.450000047683716, 0.0], "Outer point at end of 2nd / fat top marker at right paint": [9.975000381469727, 2.549999952316284, 0.0], "Inner point at end of 2nd / fat top marker at right paint": [9.975000381469727, 2.450000047683716, 0.0], "Outer point of 3rd top marker at right paint": [9.074999809265137, 2.549999952316284, 0.0], "Inner point of 3rd top marker at right paint": [9.074999809265137, 2.450000047683716, 0.0], "Outer point of 4th top marker at right paint": [8.175000190734863, 2.549999952316284, 0.0], "Inner point of 4th top marker at right paint": [8.175000190734863, 2.450000047683716, 0.0], "Right top free-throw circle at free-throw line": [7.224999904632568, 1.774999976158142, 0.0], "Right top three-point line at baseline": [13.024999618530273, 5.954999923706055, 0.0], "Right top three-point circle to line point": [8.325324058532715, 5.954999923706055, 0.0], "Right bottom corner": [13.024999618530273, -6.90500020980835, 0.0], "Right restricted arc bottom end of half circle": [11.425000190734863, -1.274999976158142, 0.0], "Right restricted arc bottom corner": [11.800000190734863, -1.274999976158142, 0.0], "Right paint bottom border at baseline": [13.024999618530273, -2.450000047683716, 0.0], "Right paint bottom corner at free throw line": [7.224999904632568, -2.450000047683716, 0.0], "Outer point of 1st bottom marker at right paint": [11.225000381469727, -2.549999952316284, 0.0], "Inner point of 1st bottom marker at right paint": [11.225000381469727, -2.450000047683716, 0.0],